序号,链接,节点数
0,https://5TpoKc.mcsslk.xyz/48d24491ab971fed9220c9a55bc9401d,0
1,https://gist.githubusercontent.com/peasoft/7907a8ee2a4fa5e80cd1bd006664442c/raw/,1
2,https://gitlab.com/colloq168/nodefiltrate/-/raw/main/filtrate?ref_type=heads,0
3,https://nfuhwh.absslk.xyz/a5fc9dad025f22244a1fba1c40f2920c,0
4,https://raw.githubusercontent.com/Alvin9999/pac2/master/clash.meta2/1/config.yaml,0
5,https://raw.githubusercontent.com/Alvin9999/pac2/master/clash.meta2/13/config.yaml,0
6,https://raw.githubusercontent.com/Alvin9999/pac2/master/clash.meta2/15/config.yaml,0
7,https://raw.githubusercontent.com/Alvin9999/pac2/master/clash.meta2/2/config.yaml,0
8,https://raw.githubusercontent.com/Alvin9999/pac2/master/clash.meta2/config.yaml,0
9,https://raw.githubusercontent.com/Huibq/TrojanLinks/master/links/vmess,0
10,https://raw.githubusercontent.com/Surfboardv2ray/TGParse/main/python/hy2,8
11,https://raw.githubusercontent.com/Surfboardv2ray/TGParse/main/python/hysteria2,27
12,https://raw.githubusercontent.com/qjlxg/hy2/main/splitted/hy2,0
13,https://raw.githubusercontent.com/ripaojiedian/freenode/main/clash,16
14,https://raw.githubusercontent.com/ripaojiedian/freenode/main/sub,16
15,https://raw.githubusercontent.com/zhangkaiitugithub/passcro/main/speednodes.yaml,3

总计,,39
